abbey	noun	a church associated with a monastery or convent
abhor	verb	find repugnant
abide	verb	dwell
about	adverb	imprecise but fairly close to correct
above	adverb	at an earlier place
abuse	verb	treat badly
abyss	noun	a bottomless gulf or pit
actor	noun	a theatrical performer
acute	adjective	having or experiencing a rapid onset and short but severe course
adapt	verb	make fit for, or change to suit a new purpose
adept	adjective	having or showing knowledge and skill and aptitude
admit	verb	declare to be true or admit the existence or reality or truth of
adopt	verb	choose and follow
adore	verb	love intensely
adorn	verb	make more attractive by adding ornament, colour, etc.
adult	noun	a fully developed person from maturity onward
affix	verb	attach to
after	adverb	happening at a time subsequent to a reference time
again	adverb	anew
agent	noun	an active and efficient cause
agile	adjective	moving quickly and lightly
agony	noun	intense feelings of suffering
agree	verb	be in accord
ahead	adverb	at or in the front
aisle	noun	a long narrow passage (as in a cave or woods)
alarm	noun	fear resulting from the awareness of danger
album	noun	one or more recordings issued together
alert	verb	warn or arouse to a sense of danger or call to a state of preparedness
alien	adjective	not contained in or deriving from the essential nature of something
align	verb	place in a line or arrange so as to be parallel or straight
alike	adjective	having the same or similar characteristics
alive	adjective	possessing life
alley	noun	a narrow street with walls on both sides
allot	verb	give out
allow	verb	make it possible through a specific action or lack of action for something to happen
alone	adverb	without any others being included or involved
along	adverb	with a forward motion
aloof	adjective	remote in manner
aloud	adverb	using the voice
alter	verb	cause to change
amass	verb	collect or gather
amaze	verb	affect with wonder
amber	adjective	of a medium to dark brownish yellow color
amble	verb	walk leisurely
amend	verb	make amendments to
amiss	adjective	not functioning properly
ample	adjective	more than enough in size or scope or capacity
amply	adverb	to an ample degree or in an ample manner
amuse	verb	occupy in an agreeable, entertaining or pleasant fashion
angel	noun	spiritual being attendant upon God
anger	noun	a strong emotion
angle	noun	the space between two lines or planes that intersect
angry	adjective	feeling or showing anger
angst	noun	an acute but unspecific feeling of anxiety
annoy	verb	cause annoyance in
anvil	noun	a heavy block of iron or steel on which hot metals are shaped by hammering
apart	adverb	separated or at a distance in place or position or time
apple	noun	fruit with red or yellow or green skin and sweet to tart crisp whitish flesh
apply	verb	put into service
ardor	noun	a feeling of strong eagerness (usually in favor of a person or cause)
arena	noun	a particular environment or walk of life
argue	verb	present reasons and arguments
arise	verb	come into existence
armor	noun	protective covering made of metal and used in combat
aroma	noun	any property detected by the olfactory system
array	noun	an orderly arrangement
arrow	noun	a mark to indicate a direction or relation
ashen	adjective	anemic looking from illness or emotion
aside	adverb	on or to one side
asset	noun	a useful or valuable quality
attic	noun	floor consisting of open space at the top of a house just below roof
audit	noun	an inspection of the accounting procedures and records by a trained accountant or CPA
avail	verb	use to one's advantage
avert	verb	prevent the occurrence of
avoid	verb	stay clear from
await	verb	look forward to the probable occurrence of
awake	adjective	not in a state of sleep
award	noun	a grant made by a law court
aware	adjective	having or showing knowledge or understanding or realization or perception
awful	adjective	exceptionally bad or displeasing
axiom	noun	a saying that is widely accepted on its own merits
bacon	noun	back and sides of a hog salted and dried or smoked
badly	adverb	to a severe or serious degree
baggy	adjective	not fitting closely
bandy	verb	toss or strike a ball back and forth
banjo	noun	a stringed instrument of the guitar family that has long neck and circular body
barge	noun	a flatbottom boat for carrying heavy loads (especially on canals)
basic	adjective	pertaining to or constituting a base or basis
basin	noun	a bowl-shaped vessel
basis	noun	a relation that provides the foundation for something
batch	noun	all the loaves of bread baked at the same time
bathe	verb	cleanse the entire body
baton	noun	a thin tapered rod used by a conductor to lead an orchestra or choir
beach	noun	an area of sand sloping down to the water of a sea or lake
beady	adjective	small and round and shiny like a shiny bead or button
beard	noun	the hair growing on the lower part of a man's face
beast	noun	a living organism characterized by voluntary movement
beefy	adjective	muscular and heavily built
befit	verb	accord or comport with
begin	verb	take the first step or steps in carrying out an action
being	noun	the state or fact of existing
belch	noun	a reflex that expels gas noisily from the stomach through the mouth
belie	verb	be in contradiction with
belly	noun	the region of the body of a vertebrate between the thorax and the pelvis
below	adverb	in or to a place that is lower
bench	noun	a long seat for more than one person
berry	noun	any of numerous small and pulpy edible fruits
berth	noun	a job in an organization
beset	verb	annoy continually or chronically
bible	noun	the sacred writings of the Christian religions
birth	noun	the time when something begins (especially life)
black	adjective	being of the achromatic color of maximum darkness
blade	noun	especially a leaf of grass or the broad portion of a leaf as distinct from the petiole
blame	verb	put or pin the blame on
bland	adjective	lacking taste or flavor or tang
blank	adjective	not written or printed on
blare	noun	a loud harsh or strident noise
blast	verb	make a strident sound
blaze	verb	shine brightly and intensively
bleak	adjective	offering little or no hope
bleed	verb	lose blood from one's body
blend	verb	combine into one
bless	verb	give a benediction to
blind	adjective	unable to see
blink	verb	briefly shut the eyes
block	noun	a solid piece of something (usually having flat rectangular sides)
blond	adjective	being or having light colored skin and hair and usually blue or grey eyes
bloom	verb	produce or yield flowers
blown	adjective	being moved or acted upon by moving air or vapor
bluff	noun	a high steep bank (usually formed by river erosion)
blunt	verb	make less intense
blurt	verb	utter impulsively
blush	verb	turn red, as if in embarrassment or shame
board	noun	a committee having supervisory powers
boast	verb	show off
bogus	adjective	fraudulent
bonus	noun	anything that tends to arouse
boost	noun	the act of giving hope or support to someone
booth	noun	a table (in a restaurant or bar) surrounded by two high-backed benches
booze	noun	an alcoholic beverage that is distilled rather than fermented
bough	noun	any of the larger branches of a tree
bound	verb	move forward by leaps and bounds
boxer	noun	someone who fights with his fists for sport
brace	verb	prepare (oneself) for something unpleasant or difficult
braid	noun	a hairdo formed by braiding or twisting the hair
brain	noun	that part of the central nervous system that includes all the higher nervous centers
brake	noun	a restraint used to slow or stop a vehicle
brand	noun	a name given to a product or service
brash	adjective	offensively bold
brass	noun	an alloy of copper and zinc
brave	adjective	possessing or displaying courage
break	verb	terminate
breed	noun	a special variety of domesticated animals within a species
bribe	noun	payment made to a person in a position of trust to corrupt his judgment
brick	noun	rectangular block of clay baked by the sun or in a kiln
bride	noun	a woman who has recently been married
brief	adjective	of short duration or distance
bring	verb	take something or somebody with oneself somewhere
brink	noun	a region marking a boundary
brisk	adjective	quick and energetic
broad	adjective	having great (or a certain) extent from one side to the other
broil	verb	cook under a broiler
broke	adjective	lacking funds
brood	noun	the young of an animal cared for at one time
brook	noun	a natural stream of water smaller than a river (and often a tributary of a river)
broom	noun	a cleaning implement for sweeping
brown	adjective	of a color similar to that of wood or earth
brush	noun	a dense growth of bushes
brute	noun	a cruelly rapacious person
buddy	noun	a close friend who accompanies his buddies in their activities
budge	verb	move very slightly
buggy	noun	a small lightweight carriage
bugle	noun	a brass instrument without valves
build	verb	make by combining materials and parts
built	adjective	having a substance (an abrasive or filler) added to increase effectiveness
bulge	noun	something that bulges out or is protuberant or projects from its surroundings
bulky	adjective	of large size for its weight
bully	noun	a cruel and brutal fellow
bunch	noun	a grouping of a number of similar things
burly	adjective	muscular and heavily built
burnt	adjective	ruined by overcooking
burst	verb	come open suddenly and violently, as if from internal pressure
bushy	adjective	used of hair
buyer	noun	a person who buys
cabin	noun	small room on a ship or boat where people sleep
cable	noun	a telegram sent abroad
cache	noun	a hidden storage space (for money or provisions or weapons)
cadre	noun	a small unit serving as part of or as the nucleus of a larger political movement
cagey	adjective	showing self-interest and shrewdness in dealing with others
candy	noun	a rich sweet made of flavored sugar and often combined with fruit or nuts
caper	verb	jump about playfully
cargo	noun	goods carried by a large vehicle
carry	verb	move while supporting, either in a vehicle or in one's hands or on one's body
carve	verb	form by carving
catch	verb	discover or come upon accidentally, suddenly, or unexpectedly
cater	verb	give what is desired or needed, especially support, food or sustenance
cause	verb	give rise to
cease	verb	put an end to a state or an activity
chafe	verb	become or make sore by or as if by rubbing
chain	noun	a series of things depending on each other as if linked together
chair	noun	a seat for one person, with a support for the back
champ	noun	someone who has won first place in a competition
chant	verb	recite with musical intonation
chaos	noun	a state of extreme confusion and disorder
charm	noun	attractiveness that interests or pleases or stimulates
chart	noun	a visual display of information
chase	verb	go after with the intent to catch
cheap	adjective	relatively low in price or charging low prices
cheat	verb	deprive somebody of something by deceit
check	verb	examine so as to determine accuracy, quality, or condition
cheek	noun	either side of the face below the eyes
cheer	noun	a cry or shout of approval
chick	noun	young bird especially of domestic fowl
chide	verb	censure severely or angrily
chief	adjective	most important element
child	noun	a young person of either sex
chill	noun	coldness due to a cold environment
chirp	verb	make high-pitched sounds
choir	noun	a chorus that sings as part of a religious ceremony
choke	verb	breathe with great difficulty, as when experiencing a strong emotion
chord	noun	a straight line connecting two points on a curve
chore	noun	a specific piece of work required to be done as a duty or for a specific fee
chuck	verb	throw carelessly
chump	noun	a person who is gullible and easy to take advantage of
chunk	noun	a compact mass
churn	verb	stir (cream) vigorously in order to make butter
chute	noun	rescue equipment consisting of a device that fills with air and retards your fall
cigar	noun	a roll of tobacco for smoking
cinch	noun	any undertaking that is easy to do
civic	adjective	of or relating or belonging to a city
civil	adjective	applying to ordinary citizens as contrasted with the military
claim	verb	assert or affirm strongly
clamp	verb	fasten or fix with a clamp
clang	verb	make a loud noise
clank	verb	make a clank
clash	noun	a loud resonant repeating noise
clasp	verb	hold firmly and tightly
class	noun	a collection of things sharing a common attribute
clean	adjective	free from dirt or impurities
clear	adjective	readily apparent to the mind
cleat	noun	a metal or leather projection (as from the sole of a shoe)
cleft	noun	a split or indentation in something (as the palate or chin)
clerk	noun	an employee who performs clerical work (e.g., keeps records or accounts)
click	verb	move or strike with a noise
cliff	noun	a steep high face of rock
climb	verb	go upward with gradual or continuous progress
cling	verb	come or be in close contact with
clink	verb	make a high sound typical of glass
cloak	noun	anything that covers or conceals
clock	noun	a timepiece that shows the time of day
close	adjective	at or within a short distance in space or time or having elements near each other
cloth	noun	artifact made by weaving or felting or knitting or crocheting natural or synthetic fibers
cloud	noun	any collection of particles (e.g., smoke or dust) or gases that is visible
clown	noun	a rude or vulgar fool
cluck	verb	make a clucking sounds, characteristic of hens
clump	noun	a grouping of a number of similar things
coach	noun	someone in charge of training an athlete or a team
coast	noun	the shore of a sea or ocean
cocky	adjective	overly self-confident or self-assertive
colon	noun	the part of the large intestine between the cecum and the rectum
color	noun	a visual attribute of things that results from the light they emit or transmit or reflect
comic	adjective	arousing or provoking laughter
coral	noun	a variable color averaging a deep pink
corps	noun	an army unit usually consisting of two or more divisions and their support
couch	noun	an upholstered seat for more than one person
cough	verb	exhale abruptly, as when one has a chest cold or congestion
count	verb	determine the number or amount of
court	noun	an assembly (including one or more judges) to conduct judicial business
cover	verb	provide with a covering or cause to be covered
covet	verb	wish, long, or crave for (something, especially the property of another person)
cower	verb	crouch or curl up
crack	verb	become fractured
craft	noun	the skilled practice of a practical occupation
cramp	noun	a painful and involuntary muscular contraction
crane	verb	stretch (the neck) so as to see better
crash	noun	a loud resonant repeating noise
crate	noun	a rugged box (usually made of wood)
crave	verb	have a craving, appetite, or great desire for
crawl	verb	move slowly
craze	noun	an interest followed with exaggerated zeal
crazy	adjective	affected with madness or insanity
creak	verb	make a high-pitched, screeching noise
cream	noun	the best people or things in a group
credo	noun	any system of principles or beliefs
creed	noun	any system of principles or beliefs
creek	noun	a natural stream of water smaller than a river (and often a tributary of a river)
creep	verb	move slowly
crest	noun	the top line of a hill, mountain, or wave
crime	noun	an act punishable by law
crisp	adjective	clearly defined
crony	noun	a close friend who accompanies his buddies in their activities
crook	noun	someone who has committed a crime or has been legally convicted of a crime
croon	verb	sing softly
cross	verb	travel across or pass over
crowd	noun	a large number of things or people considered together
crown	verb	invest with regal power
crude	adjective	not carefully or expertly made
cruel	adjective	able or disposed to inflict pain or suffering
crush	verb	come down on or keep down by unjust use of one's authority
crust	noun	the outer layer of the Earth
curio	noun	something unusual -- perhaps worthy of collecting
curly	adjective	having curls or waves
curse	verb	utter obscenities or profanities
curve	noun	the trace of a point whose direction of motion changes
cycle	noun	an interval during which a recurring sequence of events occurs
cynic	noun	someone who is critical of the motives of others
daddy	noun	an informal term for a father
daily	adverb	every day
dairy	noun	a farm where dairy products are produced
dance	verb	move in a graceful and rhythmical way
daunt	verb	cause to lose courage
death	noun	the event of dying or departure from life
debut	noun	the act of beginning something new
decay	verb	lose a stored charge, magnetic flux, or current
decor	noun	decoration consisting of the layout and furnishings of a livable interior
decry	verb	express strong disapproval of
defer	verb	hold back to a later time
deign	verb	do something that one considers to be below one's dignity
delay	verb	cause to be slowed down or delayed
delve	verb	turn up, loosen, or remove earth
demon	noun	an evil supernatural being
dense	adjective	permitting little if any light to pass through because of denseness of matter
depot	noun	station where transport vehicles load or unload passengers or goods
depth	noun	the extent downward or backward or inward
deter	verb	try to prevent
devil	noun	chief spirit of evil and adversary of God
diary	noun	a daily written record of (usually personal) experiences and observations
dimly	adverb	in a dim indistinct manner
dingy	adjective	thickly covered with ingrained dirt or soot
dirty	adjective	soiled or likely to soil with dirt or grime
ditch	noun	a long narrow excavation in the earth
ditty	noun	a short simple song (or the words of a poem intended to be sung)
dizzy	adjective	having or causing a whirling sensation
dodge	verb	make a sudden movement in a new direction so as to avoid
dogma	noun	a religious doctrine that is proclaimed as true without proof
donor	noun	person who makes a gift of property
doubt	noun	the state of being unsure of something
dough	noun	a flour mixture stiff enough to knead or roll
dowry	noun	money or property brought by a woman to her husband at marriage
dozen	noun	the cardinal number that is the sum of eleven and one
draft	verb	draw up an outline or sketch for something
drain	verb	flow off gradually
drama	noun	a dramatic work intended for performance by actors on a stage
drape	verb	arrange in a particular way
drawl	noun	a slow speech pattern with prolonged vowels
drawn	adjective	showing the wearing effects of overwork or care or suffering
dread	verb	be afraid or scared of
dream	noun	a series of mental images and emotions occurring during sleep
dress	noun	a one-piece garment for a woman
drift	verb	be in motion due to some air or water current
drill	verb	make a hole, especially with a pointed power or hand tool
drink	verb	take in liquids
drive	verb	operate or control a vehicle
droop	verb	droop, sink, or settle from or as if from pressure or loss of tautness
drown	verb	cover completely or make imperceptible
drunk	adjective	stupefied or excited by a chemical substance (especially alcohol)
dryly	adverb	in a dry laconic manner
dwarf	verb	make appear small by comparison
dwell	verb	think moodily or anxiously about something
dying	adjective	in or associated with the process of passing from life or ceasing to be
eager	adjective	having or showing keen interest or intense desire or impatient expectancy
earth	noun	the 3rd planet from the sun
easel	noun	an upright tripod for displaying something (usually an artist's canvas)
ebony	noun	a very dark black
edify	verb	make understand
eight	adjective	being one more than seven
eject	verb	put out or expel from a place
elder	noun	a person who is older than you are
elect	verb	select by a vote for an office or membership
elfin	adjective	suggestive of an elf in strangeness and otherworldliness
elite	noun	a group or class of persons enjoying superior intellectual or social or economic status
elude	verb	escape, either physically or mentally
embed	verb	fix or set securely or deeply
empty	adjective	holding or containing nothing
enact	verb	order by virtue of superior authority
endow	verb	give qualities or abilities to
enemy	noun	an opposing military force
enjoy	verb	derive or receive pleasure from
ensue	verb	issue or terminate (in a specified way, state, etc.)
enter	verb	to come or go into
entry	noun	an item inserted in a written record
epoch	noun	a period marked by distinctive character or reckoned from a fixed point or event
equal	adjective	having the same quantity, value, or measure as another
equip	verb	provide with (something) usually for a specific purpose
erase	verb	remove from memory or existence
erect	verb	construct, build, or erect
erode	verb	become ground down or deteriorate
error	noun	a wrong action attributable to bad judgment or ignorance or inattention
erupt	verb	start abruptly
essay	noun	an analytic or interpretive literary composition
ethic	noun	the principles of right and wrong that are accepted by an individual or a social group
evade	verb	avoid or try to avoid fulfilling, answering, or performing (duties, questions, or issues)
event	noun	something that happens at a given place and time
every	adjective	each and all of the members of a group considered singly and without exception
evoke	verb	call forth (emotions, feelings, and responses)
exact	adjective	marked by strict and particular and complete accordance with fact
exalt	verb	praise, glorify, or honor
excel	verb	distinguish oneself
exert	verb	put to use
exile	verb	expel from a country
exist	verb	have an existence, be extant
expel	verb	force to leave or move out
extra	adjective	more than is needed, desired, or required
exude	verb	release (a liquid) in drops or small quantities
facet	noun	a distinct feature or element in a problem
faint	adjective	deficient in magnitude
fairy	noun	a small being, human in form, playful and having magical powers
faith	noun	a strong belief in a supernatural power or powers that control human destiny
false	adjective	not in accordance with the fact or reality or actuality
fancy	verb	imagine
farce	noun	a comedy characterized by broad satire and improbable situations
fatal	adjective	bringing death
fatty	adjective	containing or composed of fat
fault	noun	a wrong action attributable to bad judgment or ignorance or inattention
favor	verb	promote over another
feast	noun	a ceremonial dinner party for many people
feign	verb	make believe with the intent to deceive
feint	verb	deceive by a mock action
felon	noun	someone who has committed a crime or has been legally convicted of a crime
fence	noun	a barrier that serves to enclose an area
ferry	verb	transport from one place to another
fetch	verb	go or come after and bring or take back
fetid	adjective	offensively malodorous
fever	noun	a rise in the temperature of the body
fiber	noun	a slender and greatly elongated substance capable of being spun into yarn
field	noun	a piece of land cleared of trees and usually enclosed
fiend	noun	a cruel wicked and inhuman person
fiery	adjective	characterized by intense emotion
fifth	adjective	coming next after the fourth and just before the sixth in position
fifty	adjective	being ten more than forty
fight	verb	be engaged in a fight
filly	noun	a young female horse under the age of four
final	adjective	occurring at or forming an end or termination
first	adjective	preceding all others in time or space or degree
flail	noun	an implement consisting of handle with a free swinging stick at the end
flair	noun	a natural talent
flake	verb	form into flakes
flank	verb	be located at the sides of something or somebody
flare	noun	a shape that spreads outward
flash	verb	gleam or glow intermittently
flask	noun	bottle that has a narrow neck
fleck	noun	a small fragment of something broken off from the whole
fleet	adjective	moving very fast
flesh	noun	the soft tissue of the body of a vertebrate: mainly muscle tissue and fat
flick	noun	a light sharp contact (usually with something flexible)
fling	verb	throw with force or recklessness
flint	noun	a hard kind of stone
flirt	verb	talk or behave amorously, without serious intentions
float	verb	be in motion due to some air or water current
flock	noun	a church congregation guided by a pastor
flood	verb	fill quickly beyond capacity
floor	noun	the inside lower horizontal surface (as of a room, hallway, tent, or other structure)
flour	noun	fine powdery foodstuff obtained by grinding and sifting the meal of a cereal grain
flout	verb	treat with contemptuous disregard
fluff	noun	any light downy material
fluid	noun	a substance that is fluid at room temperature and pressure
flush	verb	turn red, as if in embarrassment or shame
flute	noun	a high-pitched woodwind instrument
foamy	adjective	producing or covered with lathery sweat or saliva from exhaustion or disease
focus	noun	the concentration of attention or energy on something
folly	noun	the trait of acting stupidly or rashly
force	verb	to cause to do through pressure or necessity, by physical, moral or intellectual means
forge	verb	create by hammering
forgo	verb	do without or cease to hold or adhere to
forte	noun	an asset of special worth or utility
forth	adverb	from a particular thing or place or position ('forth' is obsolete)
forty	adjective	being ten more than thirty
found	verb	set up or found
foyer	noun	a large entrance or reception room or area
frail	adjective	physically weak
frame	noun	the framework for a pair of eyeglasses
franc	noun	the basic monetary unit in many countries
frank	adjective	characterized by directness in manner or speech
fraud	noun	intentional deception resulting in injury to another person
freak	noun	a person or animal that is markedly unusual or deformed
fresh	adjective	recently made, produced, or harvested
front	noun	the side that is forward or prominent
frost	noun	ice crystals forming a white deposit (especially on objects outside)
froth	noun	a mass of small bubbles formed in or on a liquid
frown	verb	look angry or sullen, wrinkle one's forehead, as if to signal disapproval
fruit	noun	the ripened reproductive body of a seed plant
fully	adverb	to the greatest degree or extent
funny	adjective	arousing or provoking laughter
furor	noun	an interest followed with exaggerated zeal
furry	adjective	covered with a dense coat of fine silky hairs
fussy	adjective	annoyed and irritable
fuzzy	adjective	covering with fine light hairs
gable	noun	the vertical triangular wall between the sloping ends of gable roof
gaily	adverb	in a gay manner
gamut	noun	a complete extent or range: "a face that expressed a gamut of emotions"
gaudy	adjective	tastelessly showy
gauge	verb	judge tentatively or form an estimate of (quantities or time)
gaunt	adjective	very thin especially from disease or hunger or cold
genre	noun	a kind of literary or artistic work
genus	noun	a general kind of something
ghost	noun	a mental representation of some haunting experience
ghoul	noun	someone who takes bodies from graves and sells them for anatomical dissection
giant	adjective	of great mass
given	adjective	acknowledged as a supposition
glare	verb	look at with a fixed gaze
glass	noun	a brittle transparent solid with irregular atomic structure
glaze	verb	coat with a glaze
gleam	noun	an appearance of reflected light
glean	verb	gather, as of natural products
glide	verb	move smoothly and effortlessly
glint	verb	be shiny, as if wet
gloat	verb	dwell on with satisfaction
globe	noun	the 3rd planet from the sun
gloom	noun	a state of partial or total darkness
glory	noun	a state of high honor
glove	noun	the handwear used by fielders in playing baseball
gnash	verb	grind together, of teeth
gnome	noun	a legendary creature resembling a tiny old man
going	noun	the act of departing
goner	noun	a person in desperate straits
gorge	verb	overeat or eat immodestly
gouge	verb	force with the thumb
gourd	noun	bottle made from the dried shell of a bottle gourd
grace	noun	a state of sanctification by God
grade	noun	a body of students who are taught together
grain	noun	a relatively small granular particle of a substance
grand	adjective	of behavior that is impressive and ambitious in scale or scope
grant	verb	let have
grape	noun	any of various juicy fruit of the genus Vitis with green or purple skins
grasp	verb	hold firmly
grass	noun	narrow-leaved green herbage: grown as lawns
grate	noun	a frame of iron bars to hold a fire
grave	noun	death of a person
graze	verb	feed as in a meadow or pasture
great	adjective	relatively large in size or number or extent
green	adjective	of the color between blue and yellow in the color spectrum
greet	verb	express greetings upon meeting someone
grief	noun	intense sorrow caused by loss of a loved one (especially by death)
grill	noun	a restaurant where food is cooked on a grill
grimy	adjective	thickly covered with ingrained dirt or soot
grind	verb	press or grind with a crushing noise
gripe	noun	informal terms for objecting
groan	verb	indicate pain, discomfort, or displeasure
groom	noun	a man participant in his own marriage ceremony
grope	verb	feel about uncertainly or blindly
gross	adjective	before any deductions
group	noun	any number of entities (members) considered as a unit
grove	noun	a small growth of trees without underbrush
growl	verb	to utter or emit low dull rumbling sounds
grown	adjective	fully developed
gruff	adjective	brusque and surly and forbidding
grunt	verb	issue a grunting, low, animal-like noise
guard	noun	a person who keeps watch over something or someone
guess	verb	expect, believe, or suppose
guest	noun	a visitor to whom hospitality is extended
guide	verb	direct the course
guilt	noun	the state of having committed an offense
gully	noun	deep ditch cut by running water (especially after a prolonged downpour)
gummy	adjective	having the sticky properties of an adhesive
gusto	noun	vigorous and enthusiastic enjoyment
habit	noun	an established custom
hairy	adjective	having or covered with hair
handy	adjective	easy to reach
happy	adjective	enjoying or showing or marked by joy or pleasure
hardy	adjective	having rugged physical strength
harsh	adjective	unpleasantly stern
haste	noun	overly eager speed (and possible carelessness)
hasty	adjective	excessively quick
hatch	verb	emerge from the eggs
haunt	verb	follow stealthily or recur constantly and spontaneously to
haven	noun	a shelter serving as a place of safety or sanctuary
havoc	noun	violent and needless disturbance
hazel	adjective	of a light brown or yellowish brown color
heard	adjective	detected or perceived by the sense of hearing
heart	noun	the locus of feelings and intuitions
heave	verb	utter a sound, as with obvious effort
heavy	adjective	of comparatively great physical weight or density
hedge	noun	a fence formed by a row of closely planted shrubs or bushes
hefty	adjective	possessing physical strength and weight
heist	verb	commit a burglary
hello	noun	an expression of greeting
hence	adverb	from that fact or reason or as a result
hinge	noun	a joint that holds two parts together so that one can swing relative to the other
hitch	verb	to hook or entangle
hobby	noun	an auxiliary activity
hoist	verb	raise or haul up with or as if with mechanical help
honey	noun	a sweet yellow liquid produced by bees
honor	verb	bestow honor or rewards upon
horde	noun	a vast multitude
horse	noun	solid-hoofed herbivorous quadruped domesticated since prehistoric times
hotel	noun	a building where travelers can pay for lodging and meals and other services
hound	noun	any of several breeds of dog used for hunting typically having large drooping ears
house	noun	a dwelling that serves as living quarters for one or more families
hover	verb	be undecided about something
human	adjective	characteristic of humanity
humor	noun	a message whose ingenuity or verbal skill or incongruity has the power to evoke laughter
hunch	noun	an impression that something might be the case
hurry	verb	move very fast
husky	adjective	muscular and heavily built
ideal	adjective	conforming to an ultimate standard of perfection or excellence
idiom	noun	a manner of speaking that is natural to native speakers of a language
image	noun	an iconic mental representation
impel	verb	urge or force (a person) to an action
imply	verb	express or state indirectly
incur	verb	make oneself subject to
index	noun	a numerical scale used to compare variables with one another or with some reference number
inept	adjective	not elegant or graceful in expression
inert	adjective	unable to move or resist motion
infer	verb	reason by deduction
inlet	noun	an arm off of a larger body of water (often between rocky headlands)
inner	adjective	located inward
input	noun	signal going into an electronic system
inter	verb	place in a grave or tomb
irony	noun	witty language used to convey insults or scorn
issue	noun	an important question that is in dispute and must be settled
jazzy	adjective	resembling jazz (especially in its rhythm)
jewel	noun	a precious or semiprecious stone incorporated into a piece of jewelry
joint	adjective	united or combined
joker	noun	a person who enjoys telling or playing jokes
jolly	adjective	full of or showing high-spirited merriment
judge	verb	determine the result of (a competition)
juice	noun	the liquid part that can be extracted from plant or animal tissue by squeezing or cooking
juicy	adjective	full of juice
jumpy	adjective	being in a tense state
juror	noun	someone who serves (or waits to be called to serve) on a jury
khaki	adjective	of a yellowish brown color
knack	noun	a special way of doing something
knead	verb	make uniform
kneel	verb	rest one's weight on one's knees
knife	noun	edge tool used as a cutting instrument
knock	verb	deliver a sharp blow or push
knoll	noun	a small natural hill
known	adjective	apprehended with certainty
label	verb	assign a label to
labor	noun	a social class comprising those who do manual labor or work for wages
laden	adjective	filled with a great quantity
lance	noun	a long pointed rod used as a tool or weapon
lanky	adjective	tall and thin and having long slender limbs
lapel	noun	lap at the front of a coat
lapse	noun	a mistake resulting from inattention
large	adjective	above average in size or number or quantity or magnitude or extent
latch	verb	fasten with a latch
later	adverb	happening at a time subsequent to a reference time
laugh	verb	produce laughter
layer	noun	single thickness of usually some homogeneous substance
learn	verb	gain knowledge or skills
lease	verb	let for money
leash	noun	restraint consisting of a rope (or light chain) used to restrain an animal
least	adverb	used to form the superlative
leave	verb	go away from a place
ledge	noun	a projecting ridge on a mountain or submerged under water
legal	adjective	established by or founded upon law or official or accepted rules
leggy	adjective	having tall spindly stems
lemon	noun	yellow oval fruit with juicy acidic flesh
level	noun	a position on a scale of intensity or amount or quality
lever	noun	a rigid bar pivoted about a fulcrum
light	noun	electromagnetic radiation that can produce a visual sensation
limbo	noun	the state of being disregarded or forgotten
limit	noun	the greatest possible degree of something
linen	noun	a fabric woven with fibers from the flax plant
liner	noun	a hit that flies straight out from the batter
lithe	adjective	gracefully thin and bending and moving with ease
livid	adjective	anemic looking from illness or emotion
lobby	noun	a large entrance or reception room or area
lodge	verb	be a lodger
lofty	adjective	of high moral or intellectual value
logic	noun	the branch of philosophy that analyzes inference
loose	adjective	not compact or dense in structure or arrangement
loser	noun	a contestant who loses the contest
louse	noun	wingless usually flattened bloodsucking insect parasitic on warm-blooded animals
lousy	adjective	very bad
lover	noun	a person who loves someone or is loved by someone
lower	verb	move something or somebody to a lower position
lowly	adjective	low or inferior in station or quality
loyal	adjective	steadfast in allegiance or duty
lucid	adjective	transparently clear
lucky	adjective	occurring by chance
lunar	adjective	of or relating to or associated with the moon
lunch	noun	a midday meal
lunge	verb	make a thrusting forward movement
lurch	verb	walk as if unable to control one's movements
lurid	adjective	horrible in fierceness or savagery
lyric	noun	the text of a popular song or musical-comedy number
madam	noun	a woman of refinement
madly	adverb	in an uncontrolled manner
magic	noun	any art that invokes supernatural powers
major	adjective	of greater importance or stature or rank
maker	noun	a person who makes things
mania	noun	an irrational but irresistible motive for a belief or action
manic	adjective	affected with or marked by frenzy or mania uncontrolled by reason
manor	noun	the mansion of a lord or wealthy person
maple	noun	wood of any of various maple trees
march	verb	march in a procession
marry	verb	take in marriage
marsh	noun	low-lying wet land with grassy vegetation
match	verb	be compatible, similar or consistent
mauve	adjective	of a pale to moderate greyish violet color
maxim	noun	a saying that is widely accepted on its own merits
maybe	adverb	by chance
mayor	noun	the head of a city government
meaty	adjective	like or containing meat
medal	noun	an award for winning a championship or commemorating some other event
melee	noun	a noisy riotous fight
melon	noun	any of numerous fruits of the gourd family having a hard rind and sweet juicy flesh
merge	verb	become one
merit	verb	be worthy or deserving
merry	adjective	full of or showing high-spirited merriment
messy	adjective	dirty and disorderly
metro	noun	an electric railway operating below the surface of the ground (usually in a city)
midst	noun	the location of something surrounded by other things
might	noun	physical strength
mince	verb	make less severe or harsh
miner	noun	laborer who works in a mine
minor	adjective	of lesser importance or stature or rank
misty	adjective	filled or abounding with fog or mist
modal	adjective	relating to or constituting the most frequent value in a distribution
model	noun	a hypothetical description of a complex entity or process
moist	adjective	slightly wet
mommy	noun	informal terms for a mother
money	noun	the most common medium of exchange
month	noun	one of the twelve divisions of the calendar year
motel	noun	a motor hotel
motor	noun	machine that converts other forms of energy into mechanical energy and so imparts motion
motto	noun	a favorite saying of a sect or political group
mound	noun	the slight elevation on which the pitcher stands
mount	verb	attach to a support
mourn	verb	feel sadness
mousy	adjective	quiet and timid and ineffectual
mouth	noun	the opening through which food is taken in and vocalizations emerge
mover	noun	workman employed by a moving company
mucus	noun	protective secretion of the mucous membranes
muddy	adjective	soft and watery
murky	adjective	clouded as with sediment
naive	adjective	marked by or showing unaffected simplicity and lack of guile or worldly experience
naked	adjective	completely unclothed
nasal	adjective	of or in or relating to the nose
nasty	adjective	offensive or even (of persons) malicious
naval	adjective	connected with or belonging to or used in a navy
navel	noun	a scar where the umbilical cord was attached
nerve	noun	any bundle of nerve fibers running to various organs and tissues of the body
never	adverb	not ever
newly	adverb	very recently
niche	noun	a position particularly well suited to the person who occupies it
niece	noun	a daughter of your brother or sister
night	noun	the time after sunset and before sunrise while it is dark outside
ninth	adjective	coming next after the eighth and just before the tenth in position
noble	adjective	impressive in appearance
noise	noun	sound of any kind (especially unintelligible or dissonant sound)
noisy	adjective	full of or characterized by loud and nonmusical sounds
north	noun	the region of the United States lying to the north of the Mason-Dixon line
notch	verb	cut or make a notch into
novel	noun	an extended fictional work in prose
nudge	verb	to push against gently
nymph	noun	a minor nature goddess usually depicted as a beautiful maiden
occur	verb	come to pass
ocean	noun	a large body of water constituting a principal part of the hydrosphere
oddly	adverb	in a manner differing from the usual or expected
offer	verb	make available or accessible, provide or furnish
often	adverb	many times at short intervals
olive	adjective	of a yellow-green color similar to that of an unripe olive
onset	noun	the beginning or early stages
opera	noun	a drama set to music
opium	noun	an addictive narcotic extracted from seed capsules of the opium poppy
order	verb	give instructions to or direct somebody to do something with authority
other	adjective	not the same one or ones already mentioned or implied
ounce	noun	a unit of apothecary weight equal to 480 grains or one twelfth of a troy pound
outdo	verb	be or do something to a greater degree
outer	adjective	being on the outside or further from a center
overt	adjective	open and observable
owner	noun	someone who owns (is legal possessor of) a business
ozone	noun	a colorless gas (O3) soluble in alkalis and cold water
pagan	noun	a person who does not acknowledge your god
paint	verb	make a painting
panic	noun	an overwhelming feeling of fear and anxiety
paper	noun	a material made of cellulose pulp derived mainly from wood or rags or certain grasses
party	noun	an organization to gain political power
paste	noun	any mixture of a soft and malleable consistency
pasty	adjective	resembling paste in color
patch	noun	a small contrasting part of something
pause	verb	interrupt temporarily an activity before continuing
peace	noun	the state prevailing during the absence of war
pearl	noun	a smooth lustrous round structure inside the shell of a clam or oyster
penny	noun	a fractional monetary unit of Ireland and the United Kingdom
perch	verb	sit, as on a branch
peril	noun	a source of danger
perky	adjective	characterized by liveliness and lightheartedness
petal	noun	part of the perianth that is usually brightly colored
phase	noun	any distinct time period in a sequence of events
phony	adjective	fraudulent
piece	noun	a separate part of a whole
piety	noun	righteousness by virtue of being pious
pilot	noun	someone who is licensed to operate an aircraft in flight
pinch	verb	squeeze tightly between the fingers
pique	noun	tightly woven fabric with raised cords
pitch	verb	throw or toss with a light motion
pithy	adjective	concise and full of meaning
pivot	verb	turn on a pivot
pixie	noun	fairies that are somewhat mischievous
place	verb	put into a certain place or abstract location
plain	adjective	clearly revealed to the mind or the senses or judgment
plane	noun	an aircraft that has a fixed wing and is powered by propellers or jets
plank	noun	a stout length of sawn timber
plant	noun	buildings for carrying on industrial labor
plate	noun	base consisting of a rubber slab where the batter stands
plead	verb	appeal or request earnestly
pluck	verb	pull or pull out sharply
plump	adjective	sufficiently fat so as to have a pleasing fullness of figure
plunk	verb	make or move along with a sound as of a horse's hooves striking the ground
plush	adjective	characterized by extravagance and profusion
poach	verb	hunt illegally
point	noun	a geometric element that has position but no extension
poise	verb	be motionless, in suspension
polar	adjective	having a pair of equal and opposite charges
polka	noun	music performed for dancing the polka
pooch	verb	round one's lips as if intending to kiss
poppy	noun	annual or biennial or perennial herbs having showy flowers
porch	noun	a structure attached to the exterior of a building often forming a covered entrance
posse	noun	a temporary police force
pouch	noun	a small or medium size container for holding or carrying things
pound	noun	16 ounces avoirdupois
power	noun	possession of controlling influence
prank	noun	acting like a clown or buffoon
press	verb	exert pressure or force to or upon
pride	noun	a feeling of self-respect and personal worth
prime	adjective	first in rank or degree
print	verb	put into print
prior	adjective	earlier in time
privy	noun	a room or building equipped with one or more toilets
probe	verb	question or examine thoroughly and closely
prone	adjective	having a tendency (to)
proof	noun	any factual evidence that helps to establish the truth of something
prose	noun	ordinary writing as distinguished from verse
proud	adjective	feeling self-respect or pleasure in something by which you measure your self-worth
prove	verb	be shown or be found to be
prowl	verb	move about in or as if in a predatory manner
pulse	noun	a sharp transient wave in the normal electrical state (or a series of such transients)
punch	verb	deliver a quick blow to
pupil	noun	a learner who is enrolled in an educational institution
puppy	noun	a young dog
purge	verb	oust politically
quack	noun	an untrained person who pretends to be a physician and who dispenses medical advice
quail	verb	draw back, as with fear or pain
qualm	noun	uneasiness about the fitness of an action
quart	noun	a United States liquid unit equal to 32 fluid ounces
quash	verb	put down by force or intimidation
queen	noun	the only fertile female in a colony of social insects such as bees and ants and termites
quell	verb	suppress or crush completely
query	verb	pose a question
quest	noun	a search for an alternative that meets cognitive criteria
quick	adjective	accomplished rapidly and without delay
quiet	adjective	characterized by an absence or near absence of agitation or activity
quill	noun	pen made from a bird's feather
quilt	noun	bedding made of two layers of cloth filled with stuffing and stitched together
quirk	noun	a strange attitude or habit
quite	adverb	to a degree (not used with a negative)
quota	noun	a prescribed number
quote	verb	repeat a passage from
rabbi	noun	spiritual leader of a Jewish congregation
radio	noun	medium for communication
raise	verb	raise the level or amount of something
rally	verb	gather
rapid	adjective	done or occurring in a brief period of time
ratio	noun	the relative magnitudes of two quantities (usually expressed as a quotient)
razor	noun	edge tool used in shaving
reach	verb	reach a destination, either real or abstract
react	verb	show a response or a reaction to something
ready	adjective	completely prepared or in condition for immediate action or use or progress
realm	noun	a domain in which something is dominant
rebut	verb	overthrow by argument, evidence, or proof
recur	verb	happen or occur again
refer	verb	make reference to
regal	adjective	belonging to or befitting a supreme ruler
reign	verb	have sovereign power
relax	verb	become less tense, rest, or take one's ease
relay	verb	pass along
relic	noun	an antiquity that has survived from the distant past
remit	verb	send (money) in payment
renew	verb	reestablish on a new, usually improved, basis or make new or like new
repay	verb	pay back
repel	verb	cause to move back by force or influence
reply	verb	react verbally
rerun	verb	broadcast again, as of a film
retch	verb	eject the contents of the stomach through the mouth
revel	verb	take delight in
rhyme	noun	correspondence in the sounds of two or more lines (especially final sounds)
rider	noun	a traveler who actively rides an animal (as a horse or camel)
ridge	noun	a long narrow natural elevation or striation
rifle	noun	a shoulder firearm with a long barrel and a rifled bore
rigid	adjective	incapable of or resistant to bending
rigor	noun	something hard to endure
rinse	verb	wash off soap or remaining dirt
ripen	verb	cause to ripen or develop fully
risky	adjective	involving risk or danger
rival	verb	be equal to in quality or ability
river	noun	a large natural stream of water (larger than a creek)
rivet	verb	direct one's attention on something
roast	verb	cook with dry heat, usually in an oven
rocky	adjective	abounding in rocks or stones
rodeo	noun	an exhibition of cowboy skills
rogue	noun	a deceitful and unreliable scoundrel
roost	verb	sit, as on a branch
rotor	noun	the rotating armature of a motor or generator
rough	adjective	having or caused by an irregular surface
round	adjective	having the shape or form of a circle
rouse	verb	become active
route	noun	an established line of travel or access
rowdy	noun	a cruel and brutal fellow
ruddy	adjective	inclined to a healthy reddish color often associated with outdoor life
ruler	noun	a person who rules or commands
rumor	noun	gossip (usually a mixture of truth and untruth) passed around by word of mouth
rural	adjective	living in or characteristic of farming or country life
rusty	adjective	covered with or consisting of rust
sadly	adverb	in an unfortunate way
saint	noun	a person who has died and has been declared a saint by canonization
salad	noun	food mixtures either arranged on a plate or tossed and served with a moist dressing
salon	noun	gallery where works of art can be displayed
salty	adjective	engagingly stimulating or provocative
sandy	adjective	of hair color
satin	noun	a smooth fabric of silk or rayon
sauce	noun	flavorful relish or dressing or topping served as an accompaniment to food
saute	verb	fry briefly over high heat
saver	noun	someone who saves something from danger or violence
savor	verb	derive or receive pleasure from
savvy	verb	get the meaning of something
scale	noun	an ordered reference standard
scalp	noun	the skin that covers the top of the head
scant	adjective	less than the correct or legal or full amount often deliberately so
scare	verb	cause fear in
scarf	noun	a garment worn around the head or neck or shoulders for warmth or decoration
scene	noun	the place where some action occurs
scent	noun	a distinctive odor that is pleasant
scoff	verb	laugh at with contempt and derision
scold	verb	censure severely or angrily
scoop	noun	the quantity a scoop will hold
scoot	verb	run or move very quickly or hastily
score	noun	a number or letter indicating quality (especially of a student's performance)
scorn	noun	lack of respect accompanied by a feeling of intense dislike
scour	verb	examine minutely
scout	verb	explore, often with the goal of finding something or somebody
scowl	verb	frown with displeasure
scrap	noun	a small fragment of something broken off from the whole
scrub	verb	clean with hard rubbing
scuff	verb	walk without lifting the feet
sedan	noun	a car that is closed and that has front and rear seats and two or four doors
seize	verb	take hold of
sense	noun	a general conscious awareness
serum	noun	an amber, watery fluid, rich in proteins, that separates out when blood coagulates
serve	verb	serve a purpose, role, or function
setup	noun	equipment designed to serve a specific function
seven	adjective	being one more than six
sever	verb	set or keep apart
sewer	noun	a waste pipe that carries away sewage or surface water
shack	noun	small crude shelter used as a dwelling
shade	noun	relative darkness caused by light rays being intercepted by an opaque body
shaft	noun	a line that forms the length of an arrow pointer
shake	verb	move or cause to move back and forth
shaky	adjective	inclined to shake as from weakness or defect
shame	noun	a painful emotion resulting from an awareness of inadequacy or guilt
shape	noun	any spatial attributes (especially as defined by outline)
share	noun	assets belonging to or due to or contributed by an individual person or group
sharp	adjective	clearly defined
shave	verb	remove body hair with a razor
shawl	noun	cloak consisting of an oblong piece of cloth used to cover the head and shoulders
sheaf	noun	a package of several things tied together for carrying or storing
sheep	noun	woolly usually horned ruminant mammal related to the goat
sheer	adjective	complete and without restriction or qualification
sheet	noun	any broad thin expanse or surface
shelf	noun	a support that consists of a horizontal surface for holding objects
shift	verb	make a shift in or exchange of
shine	verb	be bright by reflecting or casting light
shiny	adjective	reflecting light
shirk	verb	avoid (one's assigned duties)
shirt	noun	a garment worn on the upper half of the body
shoot	verb	hit with a missile from a weapon
shore	noun	the land along the edge of a body of water
short	adjective	primarily temporal sense
shout	verb	utter in a loud voice
shove	verb	come into rough contact with while moving
showy	adjective	marked by ostentation but often tasteless
shred	noun	a tiny or scarcely detectable amount
shrub	noun	a low woody perennial plant usually having several major stems
shrug	verb	raise one's shoulders to indicate indifference or resignation
shyly	adverb	in a shy or timid or bashful manner
sidle	verb	move unobtrusively or furtively
sieve	noun	a strainer for separating lumps from powdered material or grading particles
sight	noun	an instance of visual perception
silly	adjective	ludicrous, foolish
singe	verb	burn superficially or lightly
sixth	adjective	coming next after the fifth and just before the seventh in position
sixty	adjective	being ten more than fifty
skill	noun	an ability that has been acquired by training
skirt	noun	cloth covering that forms the part of a garment below the waist
skull	noun	the bony skeleton of the head of vertebrates
skunk	noun	a person who is deemed to be despicable or contemptible
slack	adjective	not tense or taut
slain	noun	people who have been slain (as in battle)
slant	noun	a biased way of looking at or presenting something
slash	verb	cut with sweeping strokes
slate	verb	designate or schedule
sleep	verb	be asleep
slice	noun	a share of something
slick	noun	a slippery smoothness
slide	verb	move obliquely or sideways, usually in an uncontrolled manner
slime	verb	cover or stain with slime
sling	verb	hurl as if with a sling
slink	verb	walk stealthily
slope	noun	an elevated geological formation
slump	verb	assume a drooping posture or carriage
slurp	verb	eat noisily
smack	verb	deliver a hard blow to
small	adjective	limited or below average in number or quantity or magnitude or extent
smart	adjective	showing mental alertness and calculation and resourcefulness
smash	verb	hit hard
smell	verb	inhale the odor of
smile	verb	change one's facial expression by spreading the lips, often to signal pleasure
smirk	verb	smile affectedly or derisively
smoke	noun	a cloud of fine particles suspended in a gas
snack	noun	a light informal meal
snake	noun	limbless scaly elongate reptile
snare	noun	something (often something deceptively attractive) that catches you unawares
snarl	verb	utter in an angry, sharp, or abrupt tone
sneak	verb	to go stealthily or furtively
sneer	noun	a facial expression of contempt or scorn
sniff	verb	perceive by inhaling through the nose
snoop	verb	watch, observe, or inquire secretly
snore	verb	breathe noisily during one's sleep
snort	verb	indicate contempt by breathing noisily and forcefully through the nose
snout	noun	a long projecting or anterior elongation of an animal's head
sober	adjective	not affected by a chemical substance (especially alcohol)
solar	adjective	relating to or derived from the sun or utilizing the energies of the sun
solid	noun	matter that is solid at room temperature and pressure
solve	verb	find the solution to (a problem or question) or understand the meaning of
sorry	adjective	feeling or expressing regret or sorrow or a sense of loss over something done or undone
sound	verb	appear in a certain way
south	noun	the region of the United States lying to the south of the Mason-Dixon line
space	noun	the unlimited expanse in which everything is located
spade	noun	a playing card in the major suit that has one or more black figures on it
spare	verb	refrain from harming
spark	verb	put in motion or move to act
spasm	noun	a painful and involuntary muscular contraction
speak	verb	express in speech
spear	verb	pierce with a spear
speck	noun	a very small spot
speed	noun	distance travelled per unit time
spell	noun	a psychological state induced by (or as if induced by) a magical incantation
spend	verb	use up a period of time in a specific way
spice	noun	aromatic substances of vegetable origin used as a preservative
spike	noun	a transient variation in voltage or current
spill	verb	cause or allow (a liquid substance) to run or flow from a container
spine	noun	the series of vertebrae forming the axis of the skeleton and protecting the spinal cord
spite	noun	feeling a need to see others suffer
split	noun	extending the legs at right angles to the trunk (one in front and the other in back)
spoil	verb	make a mess of, destroy or ruin
spoke	noun	support consisting of a radial member of a wheel joining the hub to the rim
spoon	noun	a piece of cutlery with a shallow bowl-shaped container and a handle
sport	noun	an active diversion requiring physical exertion and competition
spout	verb	gush forth in a sudden stream or jet
spray	noun	a pesticide in suspension or solution
spree	noun	a brief indulgence of your impulses
spurn	verb	reject with contempt
squad	noun	a smallest army unit
squat	verb	sit on one's heels
stack	noun	an orderly pile
staff	noun	personnel who assist their superior in carrying out an assigned task
stage	noun	any distinct time period in a sequence of events
stain	verb	color with a liquid dye or tint
stair	noun	support consisting of a place to rest the foot while ascending or descending a stairway
stake	noun	a right or legal share of something
stale	adjective	lacking freshness, palatability, or showing deterioration from age
stalk	verb	walk stiffly
stall	noun	a compartment in a stable where a single animal is confined and fed
stamp	verb	walk heavily
stand	verb	be standing
stare	verb	look at with fixed eyes
stark	adjective	devoid of any qualifications or disguise or adornment
start	verb	take the first step or steps in carrying out an action
state	noun	the territory occupied by one of the constituent administrative districts of a nation
steak	noun	a slice of meat cut from the fleshy part of an animal or large fish
steal	verb	take without the owner's consent
steam	verb	travel by means of steam power
steel	noun	an alloy of iron with small amounts of carbon
steep	adjective	having a sharp inclination
steer	verb	direct the course
stern	adjective	of a stern or strict bearing or demeanor
stick	noun	an implement consisting of a length of wood
stiff	noun	an ordinary man
still	adverb	with reference to action or condition
sting	noun	a kind of pain
stink	verb	be extremely bad in quality or in one's performance
stoic	adjective	seeming unaffected by pleasure or pain
stoke	verb	stir up or tend
stomp	verb	walk heavily
stone	noun	a lump or mass of hard consolidated mineral matter
stool	noun	a simple seat without a back or arms
stoop	verb	bend one's back forward from the waist on down
store	noun	a mercantile establishment for the retail sale of goods or services
story	noun	a message that tells the particulars of an act or occurrence or course of events
stout	adjective	dependable
stove	noun	a kitchen appliance used for cooking food
straw	noun	plant fiber used e.g. for making baskets and hats or as fodder
stray	verb	move about aimlessly or without any destination, often in search of food or employment
strew	verb	spread by scattering ("straw" is archaic)
strip	noun	a relatively long narrow piece of something
strum	verb	sound the strings of (a stringed instrument)
strut	noun	a proud stiff pompous gait
study	noun	a detailed critical inspection
stuff	noun	the tangible substance that goes into the makeup of a physical object
stump	noun	the base part of a tree that remains standing after the tree has been felled
stung	adjective	aroused to impatience or anger
stunt	noun	a difficult or unusual or dangerous feat
style	noun	how something is done or how it happens
suave	adjective	having a sophisticated charm
sugar	noun	a white crystalline carbohydrate used as a sweetener and preservative
suite	noun	a musical composition of several movements only loosely connected
sulky	noun	a light two-wheeled vehicle for one person
sunny	adjective	bright and pleasant
super	adjective	of the highest quality
surge	verb	rise and move, as in waves or billows
surly	adjective	inclined to anger or bad feelings with overtones of menace
swamp	noun	low land that is seasonally flooded
swarm	verb	be teeming, be abuzz
swear	verb	utter obscenities or profanities
sweat	noun	salty fluid secreted by sweat glands
sweep	verb	sweep across or over
sweet	adjective	having or denoting the characteristic taste of sugar
swell	verb	increase in size, magnitude, number, or intensity
swift	adjective	moving very fast
swing	verb	move in a curve or arc, usually with the intent of hitting
swipe	verb	strike with a swiping motion
swirl	verb	turn in a twisting or spinning motion
swish	verb	move with or cause to move with a whistling or hissing sound
swoop	verb	move down on as if in an attack
sword	noun	a cutting or thrusting weapon that has a long metal blade and a hilt with a hand guard
sworn	adjective	bound by or as if by an oath
table	noun	a set of data arranged in rows and columns
taboo	adjective	excluded from use or mention
taffy	noun	chewy candy of sugar or syrup boiled until thick and pulled until glossy
taint	noun	the state of being contaminated
taken	adjective	understood in a certain way
tally	noun	a score in baseball made by a runner touching all four bases safely
tango	noun	a ballroom dance of Latin-American origin
taper	verb	diminish gradually
tarry	verb	be about
taste	verb	have flavor
taunt	verb	harass with persistent criticism or carping
tawny	adjective	of a light brown to brownish orange color
teach	verb	impart skills or knowledge to
tease	verb	annoy persistently
tempo	noun	the speed at which a composition is to be played
tempt	verb	dispose or incline or entice to
tenet	noun	a religious doctrine that is proclaimed as true without proof
tenor	noun	the adult male singing voice above baritone
tense	noun	a grammatical category of verbs used to express distinctions of time
tenth	adjective	coming next after the ninth and just before the eleventh in position
tepid	adjective	moderately warm
terse	adjective	brief and to the point
thank	verb	express gratitude or show appreciation to
theme	noun	the subject matter of a conversation or discussion
there	adverb	in or at that place or location
thick	adjective	not thin
thigh	noun	the part of the leg between the hip and the knee
thing	noun	a special situation
think	verb	judge or regard
third	adjective	coming next after the second and just before the fourth in position
thorn	noun	something that causes irritation and annoyance
three	adjective	being one more than two
throb	verb	pulsate or pound with abnormal force
throw	verb	propel through the air
thumb	noun	the thick short innermost digit of the forelimb
thump	verb	move rhythmically
tiger	noun	a fierce or audacious person
tight	adjective	closely constrained or constricted or constricting
timer	noun	a timepiece that measures a time interval and signals its end
timid	adjective	showing fear and lack of confidence
tipsy	adjective	slightly intoxicated
title	noun	a heading that names a statute or legislative bill
toast	noun	slices of bread that have been toasted
today	noun	the present time or age
token	noun	an individual instance of a type of symbol
tooth	noun	hard bonelike structures in the jaws of vertebrates
topic	noun	the subject matter of a conversation or discussion
torch	noun	a light usually carried in the hand
torso	noun	the body excluding the head and neck and limbs
total	adjective	constituting the full quantity or extent
touch	verb	make physical contact with, come in contact with
tough	adjective	not given to gentleness or sentimentality
towel	noun	a rectangular piece of absorbent cloth (or paper) for drying or wiping
tower	noun	a structure taller than its diameter
toxic	adjective	of or relating to or caused by a toxin or poison
trace	verb	follow, discover, or ascertain the course of development of something
track	noun	a line or route along which something travels or moves
tract	noun	an extended area of land
trail	verb	to lag or linger behind
trait	noun	a distinguishing feature of your personal nature
tramp	verb	travel on foot, especially on a walking expedition
tread	verb	put down or press the foot, place the foot
treat	verb	interact in a certain way
trend	noun	a general direction in which something tends to move
trial	noun	the act of testing something
trick	noun	a cunning or deceitful action or device
trill	noun	a note that alternates rapidly with another note a semitone above it
trite	adjective	repeated too often
troop	noun	a group of soldiers
truck	noun	an automotive vehicle suitable for hauling
truly	adverb	in accordance with truth or fact or reality
trunk	noun	the main stem of a tree
trust	verb	have confidence or faith in
truth	noun	a fact that has been verified
tumor	noun	an abnormal new mass of tissue that serves no purpose
tutor	noun	a person who gives private instruction (as in singing, acting, etc.)
tweed	noun	thick woolen fabric used for clothing
twice	adverb	two times
twine	verb	spin, wind, or twist together
twirl	verb	turn in a twisting or spinning motion
twist	verb	to move in a twisting or contorted motion, (especially when struggling)
uncle	noun	the brother of your father or mother
under	adjective	located below or beneath something else
undue	adjective	not yet payable
unfit	adjective	below the required standards for a purpose
unify	verb	become one
union	noun	an organization of employees formed to bargain with the employer
unite	verb	act in concert or unite in a common purpose or belief
unity	noun	an undivided or unbroken completeness or totality with nothing wanting
untie	verb	undo the ties of
upper	adjective	the topmost one of two
upset	verb	disturb the balance or stability of
urban	adjective	relating to or concerned with a city or densely populated area
usage	noun	the act of using
usher	verb	take (someone) to their seats, as in theaters or auditoriums
usurp	verb	seize and take control without authority and possibly with force
utter	verb	articulate
vague	adjective	not clearly expressed or understood
valet	noun	a manservant who acts as a personal attendant to his employer
valid	adjective	well grounded in logic or truth or having legal force
valor	noun	the qualities of a hero or heroine
value	noun	a numerical quantity measured or assigned or computed
vapor	noun	a visible suspension in the air of particles of some substance
vault	noun	a burial chamber (usually underground)
verge	noun	a region marking a boundary
verse	noun	literature in metrical form
verve	noun	an energetic style
video	noun	the visible part of a television transmission
vigor	noun	forceful exertion
vinyl	noun	a univalent chemical radical derived from ethylene
virus	noun	ultramicroscopic infectious agent that replicates itself only within cells of living hosts
visit	verb	go to see a place, as for entertainment
vista	noun	the visual percept of a region
vital	adjective	urgently needed
vivid	adjective	evoking lifelike images within the mind
vocal	adjective	relating to or designed for or using the singing voice
vogue	noun	the popular taste at a given time
voice	noun	the distinctive quality or pitch or condition of a person's speech
voter	noun	a citizen who has a legal right to vote
vouch	verb	give personal assurance
vowel	noun	a speech sound made with the vocal tract open
wacky	adjective	ludicrous, foolish
wafer	noun	a small adhesive disk of paste
wager	noun	the act of gambling
wagon	noun	any of various kinds of wheeled vehicles drawn by an animal or a tractor
waist	noun	the narrowing of the body between the ribs and hips
waive	verb	do without or cease to hold or adhere to
waste	verb	spend thoughtlessly
watch	verb	look attentively
waver	verb	pause or hold back in uncertainty or unwillingness
weary	adjective	physically and mentally fatigued
weave	verb	interlace by or as if by weaving
wedge	noun	any shape that is triangular in cross section
weigh	verb	have a certain weight
weird	adjective	suggesting the operation of supernatural influences
whack	verb	hit hard
whale	noun	a very large person
wharf	noun	a platform built out from the shore into the water and supported by piles
wheat	noun	annual or biennial grass having erect flower spikes and light brown grains
whiff	noun	a short light gust of air
while	noun	a period of indeterminate length (usually short) marked by some action or condition
whine	verb	move with a whining sound
whirl	verb	turn in a twisting or spinning motion
whisk	verb	move somewhere quickly
white	adjective	being of the achromatic color of maximum lightness
whole	adjective	including all components without exception
whoop	verb	shout, as if with joy or enthusiasm
widen	verb	become broader or wider or more extensive
widow	noun	a woman whose husband is dead especially one who has not remarried
width	noun	the extent of something from side to side
wield	verb	have and exercise
wince	verb	draw back, as with fear or pain
windy	adjective	abounding in or exposed to the wind or breezes
witch	noun	a female sorcerer or magician
witty	adjective	combining clever conception and facetious expression
woman	noun	an adult female person (as opposed to a man)
world	noun	everything that exists anywhere
worry	verb	be worried, concerned, anxious, troubled, or uneasy
worse	adjective	inferior to another in quality or condition or desirability
worst	adjective	most wanting in quality or value or condition
worth	adjective	worthy of being treated in a particular way
wound	noun	an injury to living tissue (especially an injury involving a cut or break in the skin)
wrath	noun	intense anger (usually on an epic scale)
wreak	verb	cause to happen or to occur as a consequence
wreck	verb	smash or break forcefully
wring	verb	twist and press out of shape
wrist	noun	a joint between the distal end of the radius and the proximal row of carpal bones
write	verb	produce a literary work
wrong	adjective	not correct
wryly	adverb	in a wry manner
yacht	noun	an expensive vessel propelled by sail or power and used for cruising or racing
yearn	verb	desire strongly or persistently
yield	verb	be the cause or source of
yokel	noun	a person who is not very intelligent or interested in culture
young	adjective	in an early period of life or development or growth
youth	noun	a young person (especially a young man or boy)
